episode_filename_prefix,hosts,guests,files_segments,seconds
6mVr1cIZcQr1GKB9qN7SU4,2,0,105,1.034
0yBfpVDzdaqldD07yawsvg,2,0,142,1379
6KEUtzo9qHLGfnni4wgPFe,2,0,202,2003
1Gxkouj4flFiBAWXmHqDDY,2,0,107,1804
21fMOJ9LrLCU4Nlho76MOP,2,0,137,1405
4qkjjvMU41wf4SWvjAKJy5,2,1,68,1973
5lyJrBLz69J22s8qqnk6Zv,2,1,319,3169
0XskcpUHLzjUcAeScxk4pT,2,1,510,4572
5ZfOLfYbSSebuNcGpG35qK,5,2,50,274
1Hbevpr2MQZpQ2I3gP9NAp,2,1,92,560
4ShAUWyVairPXDPmoFKKyS,3,1,208,3211
4cs4Mj0LpxrFmVeSmzEQti,3,1,165,2205
0SPBaxwDddROqPdPsGNPUS,5,1,514,5709
0LfTIwbCw8x4bkLMK7qCNH,5,1,128,1017
12DEror6JU8KiywClp3LE5,5,0,35,350
1vo1upTCDCvpR0DgHw51XS,4,1,30,188
2Q4yjwyA7VzqgWFaHKW3zs,6,0,670,8344
4Gvl9qJ9jEQQAM1ypnBC9E,3,1,290,3565
5QA56iMlcN8tIyPRw4haWZ,4,0,269,3538
7211wl8sOZJAV46ART23pW,6,1,517,6232
2gSOFAj4MkeVtabNmgSMXH,1,1,162,1620
3h92sf5B3v4R4t1PHNJtD8,1,0,343,3430
5z6oD1HoLq8hwSijMQtaF2,2,0,47,809
1DEEG7631LCHhhtD6FBK46,1,1,23,185
6mNbMsUZ9xOhuD4GSJJXUB,1,0,462,4620
1NJEX8j4fNhrHrOdBj4Xn8,2,4,467,5150
14BLfCe30D4lOSrsZBiaGn,2,0,146,2545
1S4NpjWYJZxkHE42VC8WTC,2,1,527,6347
2WLR8WVKY88zMIU8eR5Vjv,3,1,267,3476
2sPrxpMkt9fGeESMjosvMu,3,1,226,3016
4250AUswfucnvnKzmjlojF,2,1,286,4982
54FoQiEddCVtK5PwQ79itI,5,1,375,5833
13vU9BRBiHmWZyBVje3HgQ,1,,57,570
1Pk67QkqiuLcyqrwSvUFrK,1,3,270,2664
5VUfaw4WblKYJ09LWJmm4G,1,2,177,1755
6C6aNUd0FJq8Ti5tr4AZDg,1,3,91,885
6Q29FzmIkY3AWDHyTnEPc3,1,3,174,1691
7qOQzVd8bjBkBYyVObmj2k,1,2,543,5289
7rXRzmOXBqBMI4DguiTMBg,1,3,186,1803
74XBFfjYKUXF1bNQHz1nZy,3,0,198,1959